STT,Nhom,information,similarities,arithmetic,picture_completion
1,1,7,5,9,8
2,1,8,8,5,6
3,1,16,18,11,9
4,1,8,3,7,9
5,1,6,3,13,9
6,1,11,8,10,10
7,1,12,7,9,8
8,1,8,11,9,3
9,1,14,12,11,4
10,1,13,13,13,6
11,1,13,9,9,9
12,1,13,10,15,7
13,1,14,11,12,8
14,1,15,11,11,10
15,1,13,10,15,9
16,1,10,5,8,6
17,1,10,3,7,7
18,1,17,13,13,7
19,1,10,6,10,7
20,1,10,10,15,8
21,1,14,7,11,5
22,1,16,11,12,11
23,1,10,7,14,6
24,1,10,10,9,6
25,1,10,7,10,10
26,1,7,6,5,9
27,1,15,12,10,6
28,1,17,15,15,8
29,1,16,13,16,9
30,1,13,10,17,8
31,1,13,10,17,10
32,1,19,12,16,10
33,1,19,15,17,11
34,1,13,10,7,8
35,1,15,11,12,8
36,1,16,9,11,11
37,1,14,13,14,9
38,2,9,5,10,8
39,2,10,0,6,2
40,2,8,9,11,1
41,2,13,7,14,9
42,2,4,0,4,0
43,2,4,0,6,0
44,2,11,9,9,8
45,2,5,3,3,6
46,2,9,7,8,6
47,2,7,2,6,4
48,2,12,10,14,3
49,2,13,12,11,10
