STT,TenXe,MPG_X2,TrongLuong_lb_X8
1,AMC-Concord,22,2930
2,AMC-Pacer,17,3350
3,AMC-Spirit,22,2640
4,Audi-5000,17,2830
5,Audi-Fox,23,2070
6,BMW-320i,25,2650
7,Buick-Century,20,3250
8,Buick-Electra,15,4080
9,Buick-Le-Sabre,18,3670
10,Buick-Opel,26,2230
11,Buick-Regal,20,3280
12,Buick-Riviera,16,3880
13,Buick-Skylark,19,3400
14,Cad.-Deville,14,4330
15,Cad.-Eldorado,14,3900
16,Cad.-Seville,21,4290
17,Chev.-Chevette,29,2110
18,Chev.-Impala,16,3690
19,Chev.-Malibu,22,3180
20,Chev.-Monte-Carlo,22,3220
21,Chev.-Monza,24,2750
22,Chev.-Nova,19,3430
23,Datsun-200-SX,23,2370
24,Datsun-210,35,2020
25,Datsun-510,24,2280
26,Datsun-810,21,2750
27,Dodge-Colt,30,2120
28,Dodge-Diplomat,18,3600
29,Dodge-Magnum-XE,16,3870
30,Dodge-St.-Regis,17,3740
31,Fiat-Strada,21,2130
32,Ford-Fiesta,28,1800
33,Ford-Mustang,21,2650
34,Honda-Accord,25,2240
35,Honda-Civic,28,1760
36,Linc.-Continental,12,4840
37,Linc.-Cont-Mark-V,12,4720
38,Linc.-Versailles,14,3830
39,Mazda-GLC,30,1980
40,Merc.-Bobcat,22,2580
41,Merc.-Cougar,14,4060
42,Merc.-Cougar-XR-7,14,4130
43,Merc.-Marquis,15,3720
44,Merc.-Monarch,18,3370
45,Merc.-Zephyr,20,2830
46,Olds.-98,21,4060
47,Olds.-Cutlass,19,3300
48,Olds.-Cutl-Supr,19,3310
49,Olds.-Delta-88,18,3690
50,Olds.-Omega,19,3370
51,Olds.-Starfire,24,2720
52,Olds.-Tornado,16,4030
53,Peugeot-604-SL,14,3420
54,Plym.-Arrow,28,2360
55,Plym.-Champ,34,1800
56,Plym.-Horizon,25,2200
57,Plym.-Sapporo,26,2520
58,Plym.-Volare,18,3330
59,Pont.-Catalina,18,3700
60,Pont.-Firebird,18,3470
61,Pont.-Grand-Prix,19,3210
62,Pont.-Le-Mans,19,3200
63,Pont.-Phoenix,19,3420
64,Pont.-Sunbird,24,2690
65,Renault-Le-Car,26,1830
66,Subaru,35,2050
67,Toyota-Cecila,18,2410
68,Toyota-Corolla,31,2200
69,Toyota-Corona,18,2670
70,VW-Rabbit,25,1930
71,VW-Rabbit-Diesel,41,2040
72,VW-Scirocco,25,1990
73,VW-Dasher,23,2160
74,Volvo-260,17,3170
