STT,TenKeo,NangLuong_Calo,ChatBeo_g,ChatBeoBaoHoa_g,Carbohydrate_g,Duong_g,Natri_mg
1,100 Grand,190,8,5,30,22,90
2,3 Musketeers,240,7,5,42,36,90
3,5th Avenue,260,12,5,38,29,120
4,Almond Joy,220,13,8,26,20,50
5,Andes Mints,200,13,11,22,20,20
6,Baby Ruth,275,13,7,39,32,138
7,Butterfinger,270,11,6,43,29,135
8,Cadbury Dairy Milk,260,15,9,28,28,0
9,Charleston Chew,230,6,5,43,30,30
10,Dove Smooth Milk Choc.,220,13,8,24,22,25
11,Goobers,200,13,5,20,17,15
12,Heath Toffee,210,13,7,24,23,135
13,Hershey's bar,210,13,8,26,24,35
14,Hershey's Skor,200,12,7,25,24,130
15,Junior Mints,220,4,3,45,42,35
16,Kit Kat,207,10,7,26,20,22
17,"M&M's, peanut",250,13,5,30,25,25
18,"M&M's, plain",230,9,6,34,31,35
19,Milk Duds,230,8,5,38,27,135
20,Milky Way,240,9,7,37,31,75
21,Mounds,240,13,10,29,21,55
22,Mr Goodbar,250,16,7,25,22,50
23,Nestle Crunch,220,11,7,30,24,60
24,Oh Henry!,280,17,7,36,32,65
25,Payday,240,13,3,27,21,120
26,Raisinets,190,8,5,32,28,15
27,Reese's Fast Break,260,12,5,35,30,190
28,Reese's Nutrageous,260,16,5,28,22,100
29,Reese's Peanut Butter cups,210,13,5,24,21,150
30,Reese's Pieces,200,9,8,25,21,55
31,Reese's Sticks,220,13,5,23,17,130
32,Rolo,220,10,7,33,29,80
33,Snickers,230,11,4,32,27,115
34,Symphony,223,13,8,24,23,42
35,Twix,250,12,7,33,24,100
36,Whatchamacalit,237,11,8,30,23,144
37,Whoppers,190,7,7,31,24,100
38,Zero Candy Bar,200,7,5,34,29,105
